"post_id","title","text","created_at","last_edition_date","AUTHOR_ID"
"1","A Importância da Reciclagem para o Meio Ambiente","A reciclagem desempenha um papel vital na preservação dos ecossistemas globais, atuando como uma das principais barreiras contra o esgotamento dos recursos naturais. Ao reintroduzir materiais como papel, vidro, plástico e metal na cadeia produtiva, reduzimos drasticamente a necessidade de extração de novas matérias-primas. Isso significa menos florestas derrubadas para a produção de celulose, menos mineração a céu aberto para a obtenção de minérios e uma menor exploração de petróleo para a fabricação de plásticos. Essa conservação de recursos virgens é fundamental para manter habitats intactos e proteger a biodiversidade que depende deles.


Além da preservação física da natureza, a reciclagem é uma aliada poderosa na eficiência energética e no combate às mudanças climáticas. O processo de transformar material reciclado em novos produtos consome significativamente menos energia do que a produção a partir do zero. Por exemplo, reciclar alumínio economiza cerca de 95% da energia necessária para produzi-lo a partir da bauxita. Menor consumo de energia resulta em menos emissões de gases de efeito estufa provenientes de usinas termoelétricas e processos industriais, contribuindo diretamente para a desaceleração do aquecimento global.


Outro aspecto crucial é a diminuição da poluição do solo e dos oceanos. Quando deixamos de reciclar, o destino comum dos resíduos são os aterros sanitários ou lixões a céu aberto, onde materiais demoram séculos para se decompor, liberando gás metano e chorume tóxico que podem contaminar lençóis freáticos. Além disso, a reciclagem evita que detritos plásticos cheguem aos rios e mares, onde se fragmentam e causam danos irreparáveis à fauna marinha. Portanto, reciclar não é apenas uma questão de gestão de lixo, mas uma estratégia de sobrevivência que garante a qualidade da água, do ar e do solo para as futuras gerações.","2025-12-01 23:51:18.947951+00","2025-12-02 13:15:14.338439+00","1"
"2","Como Separar Corretamente Seus Resíduos","Muitas pessoas acreditam que, para reciclar corretamente, é necessário ter em casa aquele conjunto de cinco lixeiras coloridas que vemos em escolas ou empresas. No entanto, a separação doméstica eficaz é muito mais simples e começa com a regra básica das duas frações: resíduos secos (recicláveis) e resíduos úmidos (orgânicos e rejeitos). Ter apenas dois recipientes distintos já é suficiente para garantir que a maior parte do seu lixo tenha o destino correto. No cesto de recicláveis, devem ser depositados papéis, papelão, plásticos, vidros e metais; já no cesto de úmidos, vão os restos de comida, cascas de frutas, pó de varrição, lixo de banheiro e itens engordurados que não podem ser recuperados.

Um detalhe que faz toda a diferença na qualidade da reciclagem é a higienização prévia das embalagens. Não é necessário lavar o pote de iogurte ou a lata de molho com sabão e esponja como se fosse uma louça nova, gastando água potável. O ideal é apenas passar uma ""água de reuso"" (como a da máquina de lavar ou do enxágue da louça) ou usar um guardanapo sujo para retirar o excesso de alimento. Isso é crucial porque restos de comida apodrecem durante o armazenamento e transporte, atraindo vetores como ratos e baratas, além de inviabilizar a reciclagem de papéis que estejam no mesmo saco, pois a gordura e a umidade contaminam as fibras de celulose.

Além da separação básica, é preciso atenção redobrada com materiais que oferecem riscos ou que exigem tratamento especial. Vidros quebrados, por exemplo, nunca devem ser jogados soltos na sacola; eles precisam ser embalados em jornal, colocados dentro de uma caixa de leite vazia ou em uma garrafa PET cortada para proteger os coletores de cortes graves. Da mesma forma, pilhas, baterias e lâmpadas fluorescentes não pertencem nem ao lixo comum, nem ao reciclável tradicional, devendo ser entregues em pontos de coleta específicos devido à sua toxicidade. Separar corretamente é um ato de empatia com quem trabalha na triagem e de responsabilidade com o meio ambiente.","2025-12-01 23:51:19.119421+00","2025-12-02 13:14:19.732784+00","1"
"3","Materiais Recicláveis que Você Pode Não Conhecer","O universo da reciclagem vai muito além das conhecidas garrafas PET, latas de alumínio e caixas de papelão que habitualmente separamos na coleta seletiva doméstica. Existe uma vasta gama de materiais que, por falta de informação, acabam sendo descartados como rejeito comum, quando na verdade possuem enorme potencial de reaproveitamento. Um exemplo clássico é o óleo de cozinha usado. Muitas pessoas ainda o descartam no ralo da pia, o que causa entupimentos e polui milhares de litros de água. No entanto, quando armazenado em garrafas e entregue em pontos de coleta, esse óleo se torna matéria-prima nobre para a produção de biodiesel, sabão ecológico e até tintas, evitando a extração de novos recursos e protegendo os recursos hídricos.

Outro material frequentemente injustiçado é o isopor (poliestireno expandido). Devido ao seu volume e leveza, criou-se o mito de que ele não é reciclável. Na realidade, o isopor é um tipo de plástico 100% reciclável. O desafio logístico é que ele ocupa muito espaço e pesa pouco, o que encarece o transporte. Porém, se estiver limpo e seco, ele pode ser processado para retirar o ar e transformado em novos produtos plásticos, como molduras, rodapés e solados de sapatos. O mesmo vale para as radiografias antigas (raios-x). Elas jamais devem ir para o lixo comum, pois contêm prata em sua composição, um metal pesado tóxico ao ambiente, mas valioso economicamente. Existem postos de coleta em hospitais e clínicas que encaminham essas chapas para empresas especializadas na extração segura da prata e reciclagem do plástico base.

Além desses, há itens do cotidiano que exigem programas específicos de logística reversa, muitas vezes patrocinados pelas próprias fabricantes. Esponjas de lavar louça, tubos de pasta de dente, escovas de dentes e instrumentos de escrita (canetas, marca-textos e lapiseiras) são feitos de plásticos complexos ou mistos que a reciclagem tradicional tem dificuldade de processar. No entanto, através de programas de brigadas de reciclagem, esses itens são triturados e extrusados para virar vasos de plantas, bancos de jardim e lixeiras. Até mesmo bitucas de cigarro, um dos resíduos mais abundantes nas praias e ruas, já possuem tecnologia para serem descontaminadas e transformadas em massa celulósica para papel. Portanto, antes de jogar algo no lixo comum, vale a pena pesquisar se não existe um ponto de coleta específico para aquele material na sua região.","2025-12-01 23:51:19.195875+00","2025-12-02 13:12:37.02855+00","1"
"4","O Impacto do Plástico nos Oceanos","Os oceanos, que cobrem mais de 70% da superfície do nosso planeta e são responsáveis pela regulação do clima e pela produção da maior parte do oxigênio que respiramos, enfrentam hoje uma crise silenciosa e devastadora provocada pelo plástico. Estima-se que, a cada ano, cerca de 8 a 12 milhões de toneladas desse material acabem nos mares, o equivalente a despejar o conteúdo de um caminhão de lixo na água a cada minuto. O problema, contudo, não reside apenas na quantidade, mas na durabilidade desse material sintético que, uma vez no ambiente marinho, pode levar séculos para se decompor, alterando fundamentalmente a composição química e física do ecossistema aquático.

Diferente da matéria orgânica, o plástico não se biodegrada completamente; ele sofre fotodegradação. A ação do sol, das ondas e do sal fragmenta garrafas, embalagens e redes de pesca em partículas minúsculas conhecidas como microplásticos. 

Esses pequenos fragmentos permeiam toda a coluna d'água, desde a superfície até as fossas abissais, criando uma espécie de ""sopa plástica"" que é impossível de ser totalmente removida. Essa onipresença transforma o plástico em um integrante forçado da cadeia alimentar, sendo ingerido por desde o menor plâncton até as grandes baleias, que confundem esses resíduos com alimento, levando à morte por inanição, bloqueio digestivo ou intoxicação.

O impacto na fauna é visualmente chocante e ecologicamente desastroso. Tartarugas marinhas confundem sacolas plásticas flutuantes com águas-vivas, sua principal presa, enquanto aves marinhas alimentam seus filhotes com tampas de garrafa e isqueiros. Além da ingestão, existe o fenômeno da ""pesca fantasma"", onde redes de pesca abandonadas continuam vagando pelos oceanos, aprisionando e matando peixes, focas e golfinhos indefinidamente. Esse cenário afeta não apenas a biodiversidade, mas retorna para a humanidade: ao consumirmos frutos do mar, estamos ingerindo também as toxinas absorvidas por esses microplásticos, fechando um ciclo de contaminação que nós mesmos iniciamos, provando que a saúde dos oceanos é indissociável da saúde humana.","2025-12-01 23:51:19.255614+00","2025-12-02 13:11:56.958194+00","1"
"5","Economia Circular: O Futuro da Sustentabilidade","O atual sistema produtivo global opera majoritariamente sob uma lógica linear insustentável de ""extrair, produzir e descartar"", tratando os recursos naturais como se fossem infinitos e o meio ambiente como um depósito ilimitado de resíduos. A Economia Circular surge como uma ruptura necessária a esse padrão, propondo um novo paradigma onde o conceito de lixo é eliminado por design. Inspirada nos ciclos da natureza, onde a morte de uma espécie nutre a vida de outra e nada se perde, essa abordagem busca manter produtos, componentes e materiais em seu mais alto nível de utilidade e valor pelo maior tempo possível.

Nesse modelo, a atividade econômica é dissociada do consumo de recursos finitos. Isso acontece através de dois ciclos distintos: o biológico, onde materiais biodegradáveis retornam à natureza para regenerá-la, e o técnico, onde metais, plásticos e componentes sintéticos são desenhados para circular continuamente através da reutilização, reparo, remanufatura e, em última instância, a reciclagem. Diferente do que muitos pensam, a economia circular não é apenas sobre reciclar mais, mas sobre evitar que o material chegue ao estágio de reciclagem, priorizando a durabilidade e a reparabilidade desde a prancheta de desenho do produto.

A transição para esse modelo também impulsiona a inovação nos modelos de negócios, substituindo a posse pelo acesso. Em vez de comprar uma lâmpada, o consumidor contrata o serviço de iluminação; em vez de adquirir um motor, a indústria paga pelas horas de uso. Isso transfere a responsabilidade da manutenção e do descarte final para o fabricante, criando um incentivo financeiro real para que ele produza equipamentos que não quebrem e que sejam fáceis de desmontar e recuperar. Assim, a Economia Circular oferece uma visão de futuro onde o crescimento econômico restaura o planeta em vez de degradá-lo, garantindo resiliência para os negócios e sobrevivência para a sociedade.","2025-12-01 23:51:19.325998+00","2025-12-02 12:59:03.785402+00","1"
"6","Dicas para Reduzir o Lixo no Dia a Dia","Reduzir a quantidade de resíduos que geramos diariamente exige, antes de tudo, uma mudança de mentalidade, substituindo o impulso do descarte automático pelo hábito da escolha consciente. O primeiro passo mais impactante ocorre fora de casa, no momento da compra, onde devemos exercitar o poder da recusa. Isso significa dizer ""não"" aos descartáveis de uso único que têm vida útil de minutos, mas permanecem no ambiente por séculos. Adotar um ""kit lixo zero"" simples, contendo uma sacola retornável de tecido, uma garrafa de água reutilizável e um copo compacto, elimina a necessidade de aceitar sacolinhas plásticas, garrafinhas PET e copos de café descartáveis ao longo do dia, cortando o mal pela raiz.

Dentro de casa, a cozinha é o local onde a revolução sustentável acontece com mais força. O planejamento das refeições é uma ferramenta poderosa contra o desperdício de alimentos, garantindo que tudo o que é comprado seja efetivamente consumido antes de estragar. Além disso, optar por compras a granel ajuda a evitar o excesso de embalagens, permitindo que você leve seus próprios potes de vidro ou saquinhos de pano para pesar grãos, cereais e temperos. Substituir itens descartáveis por versões duráveis também faz uma grande diferença: troque o papel toalha por panos de prato, o filtro de café de papel pelo de pano ou inox, e as esponjas sintéticas por buchas vegetais, que são compostáveis ao fim da vida útil.

Outro ponto crucial é estender a vida útil daquilo que já possuímos, contrariando a lógica da obsolescência rápida. Antes de jogar algo fora, questione se aquele item pode ser consertado, reformado ou ter um novo uso. Roupas, eletrodomésticos e móveis muitas vezes precisam apenas de um pequeno reparo para voltarem a ser funcionais. Quando a compra de algo novo for inevitável, priorize produtos de qualidade, feitos de materiais duráveis como vidro, metal ou madeira, em vez de plástico frágil. Essa postura não apenas reduz o volume da sua lixeira, mas também envia uma mensagem ao mercado sobre a demanda por produtos mais sustentáveis e menos descartáveis.","2025-12-01 23:51:19.461701+00","2025-12-02 13:10:56.014385+00","1"
"7","Como Funciona a Logística Reversa no Brasil","A logística reversa no Brasil opera sob a diretriz da Política Nacional de Resíduos Sólidos (PNRS), instituída em 2010, que transformou a maneira como o país lida com o lixo ao estabelecer que a gestão dos resíduos não termina na lixeira do consumidor. O funcionamento desse mecanismo baseia-se no princípio da responsabilidade compartilhada, criando um ciclo onde fabricantes, importadores, distribuidores, comerciantes, consumidores e o poder público possuem deveres específicos e interconectados para garantir que os materiais retornem ao setor empresarial para reaproveitamento ou destinação final ambientalmente adequada, em vez de serem abandonados em aterros ou lixões.

Na prática, o processo começa com o consumidor, que tem o papel fundamental de separar o resíduo pós-consumo e devolvê-lo aos pontos de coleta específicos, muitas vezes localizados em supermercados ou lojas de varejo. O comércio, por sua vez, funciona como o elo de recebimento primário, armazenando temporariamente esses itens e repassando-os aos distribuidores ou fabricantes. A indústria é então responsável por consolidar esse volume e encaminhá-lo para a reciclagem, onde a matéria-prima é recuperada para a fabricação de novos produtos, ou para uma disposição final que não agrida o meio ambiente, caso a recuperação não seja viável.

Embora o conceito seja amplo, a obrigatoriedade de estruturar sistemas de logística reversa no Brasil foca prioritariamente em produtos com alto impacto ambiental ou periculosidade. Isso inclui setores de agrotóxicos, pilhas e baterias, pneus, óleos lubrificantes, lâmpadas fluorescentes e produtos eletroeletrônicos. Para viabilizar essa operação complexa, são firmados Acordos Setoriais, que são contratos entre o poder público e o setor empresarial definindo metas de recolhimento e cronogramas de implantação, garantindo que a responsabilidade não recaia apenas sobre um agente, mas seja distribuída de forma justa e eficiente ao longo de toda a cadeia produtiva.

Um exemplo prático e consolidado desse sistema no país é o de embalagens de agrotóxicos, que atinge índices de devolução superiores aos de muitos países desenvolvidos, e o de pneus inservíveis, que são transformados em asfalto ou combustível para fornos de cimento. No entanto, para materiais de consumo diário, como embalagens de vidro e plástico, o Brasil ainda enfrenta o desafio de integrar formalmente as cooperativas de catadores, que historicamente realizam grande parte desse trabalho, assegurando a eles remuneração justa e condições dignas dentro desse fluxo reverso que é vital para a economia circular nacional.","2025-12-01 23:51:19.523556+00","2025-12-02 13:10:12.232481+00","1"
"8","Reciclagem de Eletrônicos: O Que Você Precisa Saber","Vivemos em uma era digital onde a troca de dispositivos tecnológicos se tornou uma constante, gerando um volume crescente do que chamamos de lixo eletrônico ou ""e-lixo"". No entanto, o descarte de um celular antigo, um computador obsoleto ou uma bateria viciada não pode seguir o mesmo caminho do lixo comum doméstico. Compreender a reciclagem de eletrônicos é fundamental, pois esses equipamentos são compostos por uma dualidade complexa: ao mesmo tempo em que contêm materiais altamente tóxicos, abrigam recursos preciosos que podem ser reaproveitados pela indústria.

O perigo do descarte incorreto reside na composição química interna desses aparelhos. 

Componentes como placas de circuito, monitores e baterias frequentemente contêm metais pesados, incluindo chumbo, mercúrio, cádmio e berílio. Quando jogados em aterros sanitários comuns ou terrenos baldios, esses elementos podem vazar, contaminando o solo e os lençóis freáticos, o que eventualmente atinge a flora, a fauna e o abastecimento de água humana, gerando sérios riscos à saúde pública.

Por outro lado, a reciclagem adequada revela o conceito de ""mineração urbana"". Um smartphone, por exemplo, contém pequenas quantidades de ouro, prata, cobre e terras raras. Embora a quantidade em um único aparelho seja pequena, em toneladas de resíduos eletrônicos, esses volumes se tornam significativos. A recuperação desses materiais através da reciclagem é muito menos agressiva ao meio ambiente do que a extração de minério virgem da natureza, economizando energia e reduzindo a emissão de gases de efeito estufa associados à mineração tradicional.

Para o consumidor, o processo correto envolve a chamada logística reversa. No Brasil, a Política Nacional de Resíduos Sólidos determina que fabricantes, importadores, distribuidores e comerciantes têm a responsabilidade de estruturar e implementar sistemas de retorno desses produtos. Na prática, isso significa que lojas de eletrônicos, operadoras de telefonia e grandes supermercados frequentemente possuem pontos de coleta específicos (PEVs) onde você pode depositar seus itens antigos sem custo.

Antes de descartar qualquer dispositivo que armazene dados, como celulares, tablets ou notebooks, existe uma etapa crucial de segurança digital: a formatação. É essencial realizar o ""reset de fábrica"" ou destruir fisicamente o disco rígido caso o aparelho não ligue mais, garantindo que fotos, senhas e documentos pessoais não caiam em mãos erradas. A reciclagem de eletrônicos, portanto, é um ato de responsabilidade dupla: protege a privacidade do usuário e garante que os recursos do planeta permaneçam em um ciclo produtivo sustentável, em vez de se tornarem poluentes eternos na natureza.","2025-12-01 23:51:19.609463+00","2025-12-02 12:52:11.10306+00","1"
"9","Os Benefícios da Compostagem Doméstica","Quando falamos em reciclagem, é comum que a primeira imagem que venha à mente seja a separação de plásticos, vidros e papéis. No entanto, mais da metade do lixo produzido diariamente em uma residência comum é composto por matéria orgânica, como cascas de frutas, restos de vegetais e borra de café. A compostagem doméstica surge como a solução mais eficiente para lidar com esse volume, oferecendo vantagens que vão muito além da simples redução de resíduos.

O benefício ambiental mais imediato é a **redução drástica do volume enviado aos aterros sanitários**. Quando restos de comida são descartados no lixo comum e soterrados em aterros, eles sofrem uma decomposição anaeróbia (sem oxigênio). Esse processo gera o gás metano, que é muito mais nocivo para o aquecimento global do que o dióxido de carbono, além de produzir chorume tóxico que pode contaminar o solo e lençóis freáticos. Ao compostar em casa, o processo é aeróbio (com oxigênio), evitando a emissão desses gases nocivos e tratando o resíduo de forma limpa.

Além da proteção ambiental, a compostagem gera um **produto de alto valor: o húmus**. Esse adubo natural é rico em nutrientes e excelente para fortalecer plantas, hortas e jardins. Ao produzir seu próprio fertilizante, evita-se a necessidade de comprar produtos químicos industrializados, promovendo uma economia doméstica e garantindo alimentos ou plantas ornamentais muito mais saudáveis. É o fechamento perfeito do ciclo: o nutriente que saiu da terra na forma de alimento volta para ela para nutrir nova vida.

Outro aspecto fundamental é a **mudança de mentalidade em relação ao consumo**. Quem faz compostagem passa a enxergar o que sobra do preparo das refeições não como ""lixo"" ou algo sujo, mas como um recurso valioso. Essa prática aproxima os moradores dos ciclos naturais e serve como uma poderosa ferramenta de educação ambiental, especialmente para crianças, que aprendem na prática que na natureza nada se perde, tudo se transforma.

Por fim, a compostagem doméstica contribui para a **sustentabilidade das cidades**. Ao tratar o resíduo na própria fonte geradora, reduz-se a demanda por caminhões de coleta circulando nas ruas, o que diminui o trânsito, a poluição do ar e os custos públicos com a gestão de resíduos. Adotar uma composteira é um ato de cidadania que transforma a cozinha de casa em um agente ativo de preservação ecológica.","2025-12-01 23:51:19.667777+00","2025-12-02 13:09:43.271365+00","1"
"10","Reciclagem e Geração de Empregos: Uma Relação Sustentável","A reciclagem é frequentemente vista apenas sob a ótica da preservação ambiental, focada na redução de resíduos nos aterros e na economia de recursos naturais. No entanto, existe uma camada econômica vibrante e essencial por trás desse processo: a capacidade robusta de geração de emprego e renda. Ao transformar o lixo em matéria-prima, a indústria da reciclagem ativa uma cadeia produtiva complexa que demanda força de trabalho humana em diversas etapas, provando que a sustentabilidade e o desenvolvimento econômico podem caminhar lado a lado.

Diferentemente do descarte tradicional em aterros sanitários, que é um processo linear e exige pouca mão de obra além do transporte e compactação, a reciclagem é intensiva em trabalho. O ciclo começa na coleta seletiva, passa pela triagem minuciosa dos materiais, segue para a limpeza e processamento industrial, e termina na reinserção desses insumos na fabricação de novos produtos. Cada uma dessas fases requer profissionais específicos, criando um ecossistema laboral que abrange desde motoristas e operadores de máquinas até engenheiros químicos e gestores de logística reversa.

Um ponto crucial nessa dinâmica é a inclusão social e a formalização do trabalho. Em muitos lugares, as cooperativas de catadores desempenham um papel fundamental, organizando trabalhadores que antes atuavam na informalidade e em condições precárias. A estruturação desse setor não apenas dignifica o trabalho, garantindo direitos e segurança, mas também profissionaliza a gestão dos resíduos urbanos. Essas cooperativas funcionam como empresas que injetam dinheiro na economia local, transformando o que seria desperdício em salário e poder de compra para milhares de famílias.

Além da mão de obra direta, a transição para uma economia circular fomenta o surgimento de novas profissões e setores de serviço. A demanda por design de embalagens mais recicláveis, tecnologias de rastreamento de resíduos e consultorias em sustentabilidade abre espaço para empregos de alta qualificação e inovação tecnológica. Isso estimula também o setor de manutenção e reparo, estendendo a vida útil dos bens e exigindo técnicos especializados, o que contraria a lógica da obsolescência programada.

Portanto, investir na reciclagem é uma estratégia inteligente de política pública e desenvolvimento socioeconômico. Quando uma sociedade prioriza a recuperação de materiais, ela não está apenas limpando suas cidades ou protegendo o meio ambiente; está combatendo o desemprego e reduzindo desigualdades. O resíduo, quando bem gerido, deixa de ser um problema sanitário para se tornar um ativo econômico, demonstrando que o verdadeiro progresso é aquele que cuida, simultaneamente, do planeta e das pessoas.","2025-12-01 23:51:19.734445+00","2025-12-02 13:08:58.743803+00","1"
"11","A Importância da Educação Ambiental nas Escolas","Quando pensamos no futuro do planeta, é comum visualizarmos grandes conferências globais, novas tecnologias de energia limpa ou leis de proteção florestal. Embora tudo isso seja fundamental, a semente da verdadeira mudança é plantada em um terreno muito mais cotidiano: a sala de aula.

A educação ambiental nas escolas deixou de ser apenas uma atividade extracurricular ou comemorativa para se tornar uma ferramenta indispensável na formação de cidadãos. Mas por que, exatamente, integrar esse tema ao currículo escolar é tão vital nos dias de hoje?

Existe um equívoco comum de que educação ambiental se resume a ensinar as cores das lixeiras de coleta seletiva ou a plantar uma árvore uma vez por ano. Embora essas ações sejam válidas, a educação ambiental sistêmica é muito mais profunda.

Trata-se de desenvolver uma compreensão crítica sobre como a sociedade interage com a natureza. É entender o ciclo de vida dos produtos, a origem da água que bebemos, o impacto da produção de alimentos e as consequências do consumo desenfreado. Quando a escola aborda esses temas, ela transforma o aluno de um observador passivo em um agente ativo de transformação.

A crise climática e os desafios de sustentabilidade são problemas complexos. Ao trazer esses debates para a escola, estimulamos os alunos a pensar de forma sistêmica.

A educação ambiental é, por natureza, interdisciplinar. Ela permite que a matemática seja usada para calcular a pegada de carbono, que a geografia explique as mudanças climáticas, que a história mostre a evolução da relação humana com os recursos naturais e que a química explique a poluição. Isso enriquece o aprendizado e mostra ao estudante que o conhecimento não está em caixas separadas, mas sim conectado com a realidade.

Uma das maiores potências da educação ambiental escolar é o que chamamos de ""efeito multiplicador"". Crianças e jovens têm um poder enorme de influenciar o comportamento de suas famílias.

Quando um aluno aprende sobre compostagem, economia de energia ou redução de plásticos, ele leva esse conhecimento para casa. Muitas vezes, são os filhos que ""reeducam"" os pais sobre hábitos mais sustentáveis, alterando a dinâmica de consumo e descarte de famílias inteiras. A escola, portanto, atua como um centro de irradiação de boas práticas para toda a comunidade.

Em um mundo cada vez mais urbano e digital, muitas crianças sofrem do que alguns especialistas chamam de ""transtorno do déficit de natureza"". A educação ambiental promove essa reconexão necessária.

Seja através de hortas escolares, aulas ao ar livre ou estudos do meio, o contato com a terra e com os ciclos naturais é essencial para a saúde mental e física dos estudantes. Ninguém protege aquilo que não ama, e ninguém ama aquilo que não conhece. Criar vínculos afetivos com o meio ambiente é o primeiro passo para preservá-lo.

Investir em educação ambiental não é apenas uma questão de ""salvar o planeta"" em um futuro distante, mas de melhorar a qualidade de vida agora. Escolas que adotam essa postura formam indivíduos mais empáticos, conscientes e preparados para os desafios do século XXI.

O futuro sustentável que desejamos não será construído apenas por decretos governamentais, mas sim nas carteiras escolares, onde cada lição sobre respeito à natureza é um passo em direção a um mundo mais equilibrado.","2025-12-01 23:51:19.790603+00","2025-12-02 13:08:10.312981+00","1"
"13","Reciclagem de Vidro: Mitos e Verdades","O vidro é um dos materiais mais sustentáveis do planeta, sendo um campeão da economia circular. No entanto, sua natureza frágil e a variedade de tipos existentes geram confusão na hora do descarte.

Confira o que é fato e o que é ficção:

- Verdade: O vidro é infinitamente reciclável. Ao contrário do papel ou do plástico, que perdem qualidade a cada ciclo, o vidro pode ser derretido e remoldado infinitas vezes sem perder pureza ou características. Basicamente, 1kg de cacos de vidro limpos gera exatamente 1kg de vidro novo.

- Mito: Qualquer tipo de vidro pode ir para o lixo reciclável. Esta é a confusão mais comum. Garrafas, potes de conserva e frascos de perfume são recicláveis. Porém, espelhos, vidros de janelas (planos), refratários (tipo Pyrex), cristais e telas de TV não devem ser misturados. Eles possuem composições químicas e pontos de fusão diferentes que podem estragar todo o lote de reciclagem.

- Verdade: Vidro quebrado pode ser reciclado. Mesmo em pedaços, o material serve para a indústria. No entanto, a questão aqui é a segurança. Se o vidro estiver quebrado, ele deve ser embrulhado em jornal ou colocado dentro de uma caixa de leite vazia para proteger os coletores de cortes graves.

- Mito: É preciso lavar com sabão antes de descartar. Não é necessário gastar muita água e sabão. Uma ""passada de água"" rápida (água de reuso, se possível) apenas para retirar o excesso de alimento e evitar mau cheiro ou atrair insetos já é suficiente. O processo industrial de reciclagem cuida da esterilização.

Dica final: Na dúvida, sempre priorize separar garrafas e potes de vidro comum. Se for um espelho ou uma travessa quebrada, o ideal é verificar se sua cidade possui um ponto de coleta específico ou descartar como rejeito (bem embalado).","2025-12-01 23:51:19.94295+00","2025-12-02 13:06:16.869389+00","1"
